label,municipality_name,lat,lon,osn_user_count,rsn_population,location_x,location_y
GM0518,'s-Gravenhage,52.068302953391175,4.3008689268594456,187528,487868,80514.86914796232,453892.0891135841
GM0796,'s-Hertogenbosch,51.71509296696626,5.3248008276238945,54761,139673,150687.5874008488,414040.05279063736
GM1680,Aa en hunze,52.9930092224825,6.727259873525872,9058,25561,244975.06374407985,557062.1821803377
GM0738,Aalburg,51.74582033390609,5.06520469223121,3328,12615,132762.58808253738,417505.9079638099
GM0358,Aalsmeer,52.257741728357,4.755119644226209,10192,29189,111843.66555955193,474600.0317958252
GM0197,Aalten,51.9217970540805,6.560425431428303,8715,27501,235705.6272867601,437686.747893414
GM0305,Abcoude,52.26434111175884,4.9776921480038085,2780,8768,127044.08100236536,475225.1657131006
GM0059,Achtkarspelen,53.21666774528679,6.143109796424492,10502,28090,205493.89773068525,581381.4131013136
GM0482,Alblasserdam,51.86459645126224,4.665851085088727,6053,19012,105314.37448055792,430917.5530812743
GM0613,Albrandswaard,51.85205937439199,4.435879987468635,7783,24209,89456.6049183652,429705.0119216794
GM0361,Alkmaar,52.638111222488355,4.752585897816083,41074,93849,112041.49462558472,516922.8703932076
GM0141,Almelo,52.34785560481493,6.658189977420745,32111,72592,241599.97183594148,485198.11082269327
GM0034,Almere,52.36713213365074,5.246538313490305,85257,188127,145419.3971667207,486592.4569736235
GM0484,Alphen aan den rijn,52.13033118851005,4.687403976688834,26559,72528,107083.65887474852,460467.10776731017
GM1723,Alphen-chaam,51.50137319574532,4.887422079104484,2875,9417,120298.28459804568,390380.2585191054
GM0060,Ameland,53.450400050400546,5.754803344819235,1150,3501,179422.5564310573,607191.917928965
GM0307,Amersfoort,52.173632434081306,5.384742116830035,58582,144849,154831.62169086662,465053.88665860856
GM0362,Amstelveen,52.289291214851445,4.851459504172153,23827,80679,118447.23030378437,478057.2874156236
GM0363,Amsterdam,52.372657050935025,4.8902543553751965,387288,767399,121157.6806292297,487313.8990308746
GM0364,Andijk,52.734543293898355,5.216480333799185,2116,6507,143468.5441582833,527478.3380476444
GM0366,Anna paulowna,52.85526083232273,4.841375443039902,5104,14236,118234.18133389454,541036.5648500122
GM0200,Apeldoorn,52.18984074067888,5.921939513184398,58668,155718,191565.55029462292,466992.0951389347
GM0003,Appingedam,53.31707532006281,6.8496413610461016,4586,12036,252459.4070866349,593281.125556285
GM0202,Arnhem,52.00102309779399,5.892635469986589,68925,146985,189708.07802203123,445970.364076333
GM0106,Assen,53.00125769464935,6.552427915648737,30439,66859,233222.28622658143,557776.1531800999
GM0743,Asten,51.38635485661106,5.779233872463028,4533,16337,182289.3375081032,377538.8311556466
GM0744,Baarle-nassau,51.4390022919304,4.893102125376216,2433,6702,120645.65100271604,383438.8352601932
GM0308,Baarn,52.203823896589164,5.2641809000506035,8163,24321,146590.2184083956,468420.1294475909
GM0489,Barendrecht,51.85106641341258,4.525372771316445,16001,46444,95620.88189954044,429517.6738723451
GM0203,Barneveld,52.168319139626036,5.64187906963681,17321,52477,172423.3512033723,464493.3446995
GM0005,Bedum,53.29483915882846,6.597144327835585,3758,10446,235675.3538802697,590494.255035109
GM0888,Beek,50.93087249788963,5.809056781913671,4995,16575,184658.03457235653,326878.61605240015
GM0370,Beemster,52.557655572289924,4.916901530599358,2341,8585,123105.99696557903,507885.7260316083
GM0889,Beesel,51.26919311410738,6.068888373031078,4588,13902,202573.60687153216,364653.3892781703
GM0007,Bellingwedde,53.09860513730959,7.1211755896949365,2945,9258,271137.95506523806,569374.4645666925
GM0491,Bergambacht,51.942383389989764,4.755975216500633,2839,9726,111597.02069661282,439513.8654665389
GM1724,Bergeijk,51.31016354477138,5.339992377222454,5462,18055,151708.36196339756,368990.1625869132
GM0893,Bergen (l.),51.5918386404637,6.0894347949604395,3338,13390,203661.68385610744,400560.5053857742
GM0373,Bergen (nh.),52.662776020602806,4.670591073163385,8847,30976,106518.43253305805,519719.1128300904
GM0748,Bergen op zoom,51.50348757898563,4.288337082774659,24229,65802,78706.47689469547,391071.61101998034
GM1859,Berkelland,52.10085680270561,6.57088526933343,14259,44975,236100.37236993844,457618.3742519755
GM1721,Bernheze,51.684664294552846,5.520725306041017,9735,29643,164233.75014835873,410661.4084665281
GM0568,Bernisse,51.82889771381156,4.2407740314433156,4364,12455,75974.44548147614,427322.27818913147
GM0753,Best,51.51367066290793,5.396452390928566,10241,28936,155642.1801663162,391629.50337546127
GM0209,Beuningen,51.86279967090548,5.7402190490854705,8278,25483,179316.44855651315,430530.3508318866
GM0375,Beverwijk,52.48395643438229,4.653764525792276,15721,38880,105178.4218290213,499834.0292622857
GM0585,Binnenmaas,51.795111503529476,4.535190352724259,8760,28916,96224.35629758245,423284.73613564
GM1728,Bladel,51.37226193696411,5.2387938055173455,5528,19183,144666.21356615404,375908.0707923103
GM0376,Blaricum,52.27936364643827,5.259488821488582,3090,8961,146284.25417078266,476825.382138752
GM0377,Bloemendaal,52.38167642097923,4.585951699420882,5456,22022,100446.2287518254,488503.0181557588
GM0055,Boarnsterhim,53.089977201795016,5.836668580847709,6380,19355,185111.99309227627,567111.2101999659
GM0497,Bodegraven,52.088556210529205,4.774360326075304,6724,19433,112998.3520085858,455765.5224484021
GM0755,Boekel,51.60663191936483,5.693791056800031,2857,9773,176238.5643582333,402016.3456727251
GM0064,Bolsward,53.064111938788606,5.524488066588889,3640,9903,164202.76488504297,564147.6479707898
GM1681,Borger-odoorn,52.90587307603361,6.871991242985501,9757,26027,254891.35159889163,547557.3408404336
GM0147,Borne,52.312302839610645,6.743519810535672,6995,21336,247487.59532043067,481348.2772740119
GM0654,Borsele,51.445226241154195,3.812972680849828,5782,22623,45565.22632835536,385196.2404787784
GM0499,Boskoop,52.08141361132438,4.6708564266012935,4975,15082,105896.94333354715,455035.8030939299
GM0756,Boxmeer,51.62150546469446,5.949045397968707,8888,28572,193907.9954475459,403776.500770173
GM0757,Boxtel,51.57824203554287,5.326510648266592,10498,30264,150793.09237153523,398814.8937802237
GM0758,Breda,51.58475656097799,4.761243866580032,79684,173276,111617.02491072733,399724.2262624721
GM0311,Breukelen,52.16703014883828,4.975850319093748,5087,14609,126856.96248381412,464399.0311716392
GM0501,Brielle,51.888615749447084,4.184517339512436,5889,15762,72206.69658092098,434028.2376172022
GM1876,Bronckhorst,52.04527853222947,6.302893187576263,11622,37758,217817.59362375404,451169.5439859961
GM0213,Brummen,52.10893065117756,6.1184813300193195,7033,21138,205095.6671725412,458107.6504737912
GM0899,Brunssum,50.94297833792363,5.977939628528892,11222,29437,196520.04570154307,328307.54780749767
GM0312,Bunnik,52.040945850929404,5.21694488554792,4086,14451,143318.71556154342,450304.9125756319
GM0313,Bunschoten,52.2386912160359,5.358032355427025,8014,20000,153007.4119993659,472292.8080740107
GM0214,Buren,51.93830172051817,5.40349277691253,8621,25882,156120.21074250067,438871.44732174353
GM0381,Bussum,52.27021058657229,5.16509782188333,10840,32092,139839.56262316628,475822.5182329224
GM0502,Capelle aan den ijssel,51.93501519893892,4.580193764015638,20282,65348,99501.55541199562,438813.7364934253
GM0383,Castricum,52.55700127037708,4.683105716564905,11633,34642,107250.53297424408,507941.5569350459
GM0109,Coevorden,52.74024362950788,6.735951679722483,14009,36119,246084.06545101665,528949.242533294
GM1706,Cranendonck,51.28625976150214,5.59628892139236,5878,20334,169586.55365078378,366350.72937512974
GM0611,Cromstrijen,51.74387646643941,4.455124622521435,3987,12823,90628.2370013812,417652.6728131072
GM1684,Cuijk,51.71823222938679,5.851383350957818,8450,24433,187076.2712470172,414489.8429435224
GM0216,Culemborg,51.94579175829258,5.210431852985624,9834,27501,142846.12143884614,439719.39319696
GM0148,Dalfsen,52.514715969294826,6.276706574872191,9207,27258,215380.2211239092,503375.4781130953
GM1891,Dantumadiel,53.280096876669305,5.984553613175228,6858,19286,194844.0536060622,588340.8272131586
GM0310,De bilt,52.14173758520452,5.174391334855951,11748,42017,140432.00650750884,461526.5801353977
GM1663,De marne,53.374156359123724,6.361713942316464,3666,10526,219858.70962771765,599083.0532284569
GM0736,De ronde venen,52.211991231724845,4.894439304339037,11619,34382,121321.19295727658,469436.0596764411
GM1690,De wolden,52.70162932380157,6.373488187133701,8622,23581,221665.94163913373,524257.2420301565
GM0503,Delft,51.99849563137277,4.363060189728646,40644,96765,84669.32432958439,446064.0174519967
GM0010,Delfzijl,53.31999466590852,6.930167259205053,10259,26634,257818.27621966472,593718.0161544292
GM0400,Den helder,52.922528015893434,4.754063731105951,25600,57365,112418.80521969714,548569.7665492793
GM0762,Deurne,51.43621809947091,5.826944673463114,10055,31520,185576.98480661173,383105.03722547664
GM0150,Deventer,52.26824644475966,6.23587010957479,41340,98512,212929.6402610736,475919.988769389
GM0384,Diemen,52.336470100608054,4.987055471871433,7914,24658,127727.5630189625,483246.8209989555
GM1774,Dinkelland,52.37300483600512,6.914149957503436,8550,26053,258979.44473601895,488332.65966196655
GM0504,Dirksland,51.75081768276918,4.07992292087523,2729,8438,64731.32986063026,418823.5451421352
GM0221,Doesburg,52.01869467980903,6.146970621673687,4205,11598,207152.34437510773,448088.5487797048
GM0222,Doetinchem,51.96078227613696,6.286691062252446,20867,56089,216822.5924201453,441755.2931792906
GM0766,Dongen,51.63588453447509,4.9553823973534135,8469,25060,125105.68391744676,405314.6014501271
GM0058,Dongeradeel,53.36054604405772,6.034228622679499,9231,24404,198076.9104442573,597322.7013052138
GM0505,Dordrecht,51.78200207428127,4.7094466547309155,48352,118404,108231.4878548525,421699.90418657206
GM0498,Drechterland,52.663871304703825,5.164737666643584,5757,19291,139949.46627965962,519623.9689410256
GM1719,Drimmelen,51.700091552169,4.7586726219378335,9119,26592,111549.5637624572,412556.7767163943
GM0303,Dronten,52.50251918285818,5.701755479394002,15933,39775,176358.2261306145,501693.6524823074
GM0225,Druten,51.874963139559945,5.612156605838221,5983,18089,170491.10105812136,431848.5156326336
GM0226,Duiven,51.946539632079855,6.018259258500542,9660,25609,198387.20506466329,439976.3575788696
GM1711,Echt-susteren,51.08504080258204,5.9081617542073195,11070,32269,191503.1495193864,344074.3981137976
GM0385,Edam-volendam,52.503995171389306,5.044053344791701,11078,28500,131700.5473763827,501866.60206265614
GM0228,Ede,52.07638887223458,5.727963459325131,38816,107752,178360.7453091918,454289.4666004101
GM0317,Eemnes,52.24989842652961,5.279693998828082,2974,8834,147658.27421708673,473544.7758384456
GM1651,Eemsmond,53.42026458329178,6.67439791750952,5987,16418,240576.33797913443,604541.2634509815
GM0770,Eersel,51.39653622011688,5.314632080261352,5138,18150,149949.6225842082,378600.61451767886
GM0905,Eijsden,50.784681726041846,5.719490226540032,3699,11432,178435.0999926437,310582.5562220285
GM0772,Eindhoven,51.44999517321069,5.458860604876724,91898,213807,159981.2709564546,384547.9332252882
GM0230,Elburg,52.412024007046256,5.849955898407774,7468,22179,186485.43908353025,491678.7371836357
GM0114,Emmen,52.74964443212064,6.961959049247806,46406,109496,261322.511200063,530303.9036712863
GM0388,Enkhuizen,52.716634408488424,5.273255840951365,7038,18143,147300.24345610544,525478.0046815089
GM0153,Enschede,52.22078235082173,6.877760158448625,71073,157057,256850.0018611473,471346.7851281517
GM0232,Epe,52.3255004374088,5.954956512317442,11947,32883,193705.01318549385,482102.7571877699
GM0233,Ermelo,52.287717955747055,5.66815771797185,8818,26259,174169.6736716776,477784.4416773019
GM0777,Etten-leur,51.57820798714383,4.644977900920486,15010,41520,103551.7842807358,399071.37302844645
GM1722,Ferwerderadiel,53.32243207099503,5.8275557019190956,2956,8838,184343.2882467585,592976.8953969221
GM0070,Franekeradeel,53.19632083095532,5.536271481977583,8209,20592,164962.21412774085,578862.2994528223
GM0653,Gaasterlân-sleat,52.88489511863252,5.556866447415006,3248,10300,166420.2164225961,544208.7920226654
GM0779,Geertruidenberg,51.69717736073052,4.88152403503777,7963,21086,120039.96526864728,412166.410716032
GM0236,Geldermalsen,51.88782372688134,5.220906190643407,9002,26261,143551.5400842966,433268.3966314824
GM1771,Geldrop-mierlo,51.43122211524942,5.58762315767997,12961,38114,168937.66454451834,382476.1377669578
GM1652,Gemert-bakel,51.540752516076836,5.7542670619030085,9276,28770,180464.8826433477,394706.5690967584
GM0907,Gennep,51.69931580564403,5.987115186242079,5175,17150,196472.95344737204,412453.9702906996
GM0689,Giessenlanden,51.872742151369984,4.930049146753329,4516,14449,123517.432697012,431676.3354383018
GM0784,Gilze en rijen,51.55953656815667,4.918542455285366,8992,25959,122500.68458003916,396836.59332503966
GM0511,Goedereede,51.80726528020316,3.967172454467149,3434,11420,57069.06293559722,425248.6752384167
GM0664,Goes,51.51515907268663,3.845059290540708,12706,36608,47960.13519462802,392927.49286508857
GM0785,Goirle,51.51172787753225,5.031807024394005,7632,22756,130329.07472777732,391473.4265737086
GM0512,Gorinchem,51.83845128155111,4.977031285203344,12836,34664,126731.38988211418,427842.0376746111
GM0513,Gouda,52.015273655738596,4.706179790937396,26669,71105,108249.18151901364,447654.1011807375
GM0693,Graafstroom,51.875485743205545,4.800622537001321,2890,9805,114606.85177878985,432045.5357789008
GM0365,Graft-de rijp,52.551551349430255,4.814442558361504,1984,6489,116152.37844681142,507256.5945125124
GM0786,Grave,51.743567535690296,5.743060028781009,4247,12907,179577.07505286633,417266.2761491055
GM0241,Groesbeek,51.78543780663907,5.932649937320493,5592,18920,192635.88611133143,422005.5614697241
GM0014,Groningen,53.22219473079099,6.563465579370126,112654,187282,233561.95681844908,582373.0980298253
GM0015,Grootegast,53.208665248727385,6.273254992676607,3672,12141,214198.20034409,580589.9648148393
GM1729,Gulpen-wittem,50.80233117374518,5.900144190179879,4328,14621,191161.9719364329,312619.5770202914
GM0158,Haaksbergen,52.15553146307706,6.755907294356327,8529,24485,248661.49505376304,463923.6465162125
GM0788,Haaren,51.626016865910174,5.218099323129832,4377,13623,143290.66824392354,404141.7870994328
GM0392,Haarlem,52.383420198192475,4.647539631262471,65201,149596,104641.35472734772,488652.4451925746
GM0393,Haarlemmerliede en spaarnwoude,52.40277641342298,4.712513835515902,481,5362,109084.95870380112,490762.8822356853
GM0394,Haarlemmermeer,52.297216432945135,4.683590121982074,49008,142494,107002.61851782996,479036.9276955718
GM1655,Halderberge,51.590572211632725,4.523121208660974,6816,29298,95121.69429259172,400539.9715154685
GM0160,Hardenberg,52.58564509551706,6.574174203726325,20270,59022,235442.01701619744,511556.6582716343
GM0243,Harderwijk,52.33926389292164,5.655550842721373,16178,44016,173288.25283127796,483516.3379098511
GM0523,Hardinxveld-giessendam,51.832634275522175,4.852239893932625,4794,17500,118126.21775558034,427250.7552989214
GM0017,Haren,53.15455142311658,6.631013014619845,6584,18530,238203.0956311873,574921.7437803646
GM0395,Harenkarspel,52.73592023835919,4.7667397020772855,5200,16087,113092.95622733155,527797.7604442575
GM0072,Harlingen,53.17539050760408,5.451957032930125,6037,15806,159329.4304862095,576524.6157762283
GM0244,Hattem,52.474791376895325,6.053216173670806,3977,11791,200250.71340581577,498770.23285649775
GM0396,Heemskerk,52.51193787525573,4.648300193955711,15179,38862,104839.02029296337,502951.12366008817
GM0397,Heemstede,52.34478124121891,4.615483070991068,6525,26040,102413.11994343848,484376.2268513184
GM0246,Heerde,52.406021579131064,6.050449535110156,6148,18308,200132.8434133173,491116.96104654256
GM0074,Heerenveen,52.975572389945725,6.020853121039053,17130,43418,197563.25176722987,554472.9131819864
GM0398,Heerhugowaard,52.676105352139395,4.844640849904531,19827,51184,118304.47967684244,521099.7659593124
GM0917,Heerlen,50.893417245624356,5.969452761059852,38533,89230,195967.44532516832,322789.2253476825
GM1658,Heeze-leende,51.36076079957521,5.567141724848273,4289,15260,167532.71562947994,374633.5581024106
GM0399,Heiloo,52.599917686742295,4.708605134075004,6363,22448,109024.55517398064,512700.1950836588
GM0163,Hellendoorn,52.38637729665859,6.450991757571578,13259,35781,227420.13642371443,489256.40656763
GM0530,Hellevoetsluis,51.846411755289765,4.137491026937524,16787,39738,68888.89684389933,429387.8957483519
GM0794,Helmond,51.4762011471059,5.657222123502488,33493,88010,173759.12168395787,387495.7097884502
GM0531,Hendrik-ido-ambacht,51.84174465955854,4.638894327639946,8333,26892,103431.515278418,428394.0251853596
GM0164,Hengelo,52.25504095937799,6.778285284644821,30729,80769,249980.33707327556,475022.9126542879
GM0063,Het bildt,53.27963755378405,5.650451177630081,2562,10904,172559.11630619058,588156.4829631905
GM0252,Heumen,51.77787480538238,5.818604962835509,4945,16624,184771.84985502705,421111.29583389714
GM0797,Heusden,51.696705201947665,5.160282600003935,13925,42986,139311.705399573,412016.9310475292
GM0534,Hillegom,52.29680437588185,4.577029807571919,7531,20484,99733.23762811696,479066.971139973
GM0798,Hilvarenbeek,51.479478515956124,5.145455705324246,4665,14972,138206.47759657088,387853.3443512705
GM0402,Hilversum,52.223295761023,5.167947197815381,32999,84580,140018.28195818805,470602.09837685846
GM1735,Hof van twente,52.23639589362282,6.5900008399191705,10648,35290,237159.9458011796,472718.6269097134
GM0118,Hoogeveen,52.72308048753488,6.513579829882166,20620,54795,231097.46853565183,526782.3828645417
GM0018,Hoogezand-sappemeer,53.1473407304386,6.7467514966610835,13460,34751,245959.81846429608,574259.2489498162
GM0405,Hoorn,52.65604715500572,5.0697605465707944,21648,70229,133520.21627717363,518777.34058545646
GM1507,Horst aan de maas,51.44480424114317,6.041610901494792,13926,41464,200494.70128631764,384172.2620454463
GM0321,Houten,52.00410992329337,5.181751680485033,17087,47624,140892.55567275305,446212.8740130677
GM0406,Huizen,52.292291826136086,5.231966826442963,13387,41932,144409.13208700344,478267.4686801162
GM0677,Hulst,51.32158410065368,4.066340977890122,7422,27861,62927.96139104877,371092.82092478935
GM0353,Ijsselstein,52.02765423506122,5.028898081836262,11086,34232,130409.72896430414,448873.0528491532
GM1884,Kaag en braassem,52.192596916285744,4.629036871450339,7896,25625,103159.64988845833,467434.6972436184
GM0166,Kampen,52.55506065044332,5.933030701500634,17344,50052,192017.7165438969,507633.1162809733
GM0678,Kapelle,51.484802758951474,3.967725435090032,3138,12401,56407.82912785544,389377.7391645828
GM0537,Katwijk,52.18964323384608,4.422835341309193,20048,61821,89056.57991827813,467273.46590352594
GM0928,Kerkrade,50.87174705676626,6.0509627791281435,16971,47693,201724.2689155927,320427.3258988272
GM1598,Koggenland,52.644693454375904,4.948213227774893,5545,21974,125288.15773853018,517557.0099191496
GM0079,Kollumerland en nieuwkruisland,53.29749845814291,6.172162955614439,4732,13007,207336.509898976,590397.557405108
GM0588,Korendijk,51.77383324525614,4.329533824160131,3044,10894,82003.44399884096,421103.8293846527
GM0542,Krimpen aan den ijssel,51.91468245835713,4.601971265370466,7998,28808,100974.7260733254,436535.2744336427
GM1659,Laarbeek,51.53089700160714,5.611639243294507,6897,21567,170573.6053945228,393569.9412597029
GM1685,Landerd,51.716650051452916,5.659045952560611,5674,14888,173785.9204258844,414246.5754781117
GM0882,Landgraaf,50.906442404704656,6.033079854208704,12314,38455,200431.3866768112,324275.8081439711
GM0415,Landsmeer,52.45061249534647,4.924597827544062,3299,10236,123551.82962431911,495972.0646380936
GM0416,Langedijk,52.69118297864717,4.789344806120778,8420,26960,114578.54446404745,522806.9410225189
GM1621,Lansingerland,52.00399097089678,4.506115448702246,16348,52587,94500.37236047648,446546.5559015042
GM0417,Laren,52.24720436598007,5.21710359986972,2998,11331,143383.3491903266,473253.2018414541
GM0022,Leek,53.163329786642365,6.3692706058121455,6536,19363,220681.66332421263,575628.1598753071
GM0545,Leerdam,51.90294109675628,5.085934006687722,7088,20745,134266.54779172386,434980.1494420653
GM0080,Leeuwarden,53.1905911646862,5.803535758383545,44326,94073,182827.54973528837,578294.7851973039
GM0081,Leeuwarderadeel,53.26086533107324,5.7794034962197145,3718,10435,181171.9511394619,586106.4767332971
GM0546,Leiden,52.15504535158385,4.485254742215356,52502,117106,93276.8048381501,463369.389487988
GM0547,Leiderdorp,52.156695508723764,4.5420778217218105,8648,26429,97167.39858250684,463506.16867145215
GM1916,Leidschendam-voorburg,52.09037171166013,4.422458693887247,20705,72191,88884.00377272359,456229.53147704864
GM0995,Lelystad,52.477852365575785,5.472157761087954,32507,74619,160771.6084816153,498905.9779814574
GM0082,Lemsterland,52.863860191069335,5.762902167942918,5345,13611,180301.07304760336,541920.4947933105
GM1640,Leudal,51.239427557524316,5.884823311833604,10246,36729,189750.82793439543,361238.223161934
GM0327,Leusden,52.12229354930361,5.416537358400436,11671,28814,157008.9251359585,459342.319105184
GM0694,Liesveld,51.91618042829274,4.836440426881565,2530,9739,117107.61196124987,436553.6839490403
GM0733,Lingewaal,51.847634055186845,5.089189356686906,5112,10892,134465.36983861102,428826.0379135247
GM1705,Lingewaard,51.901466656107,5.942067459796982,14993,45430,193187.145562605,434919.0380117853
GM0553,Lisse,52.25554587563928,4.54580017713956,8301,22295,97549.6772942564,474500.9175758693
GM0808,Lith,51.791709729530126,5.437798365349519,2123,6646,158490.6732058039,422563.3645051864
GM0140,Littenseradiel,53.12527154217231,5.6551638927750325,3404,10926,172937.40322182723,570978.4285228957
GM0262,Lochem,52.179461235400474,6.3468880616435985,9603,33402,220638.13822582623,466136.7279633775
GM0329,Loenen,52.22760484415963,5.02021668055417,2132,8501,129926.38461166694,471122.30712422
GM0809,Loon op zand,51.64054000674626,5.047567287159504,8472,23026,131489.90960196778,405798.7375873641
GM0331,Lopik,51.9853455878867,4.945624084022607,4804,14172,124666.11612190728,444197.4121297374
GM0024,Loppersum,53.340752404812235,6.728186116899001,3185,10451,244316.991749258,595758.2915086464
GM0168,Losser,52.30273180948743,7.002726144252458,7762,22641,265184.8120858523,480645.9907594584
GM0333,Maarssen,52.14793821460373,5.063803327620673,13994,38996,132864.83804850953,462244.4123380736
GM1671,Maasdonk,51.72993289513636,5.451696676424117,3788,11261,159455.6376308876,415691.1955592915
GM0263,Maasdriel,51.77622242550204,5.29702261418591,8976,23757,148776.30550468602,420842.9543757958
GM1641,Maasgouw,51.161575098396945,5.882478419676826,6911,24097,189645.83660795845,352576.1675892357
GM0556,Maassluis,51.925188578780684,4.248719731522366,10906,31590,76689.88637246496,438025.6733812184
GM0935,Maastricht,50.85295092856932,5.6995133337430754,52235,118468,176993.80850412112,318171.2540421642
GM0936,Margraten,50.806976227971155,5.793564672083599,3657,13405,183645.44974355423,313089.1523635675
GM0025,Marum,53.14940861312766,6.276526327418602,3881,10451,214498.16281074708,573998.4310074656
GM0420,Medemblik,52.717942653873585,5.0531422975998055,9252,27384,132427.56365887373,525669.637524244
GM0938,Meerssen,50.901420736433884,5.756430661158629,6024,19563,180974.8030363034,323582.1330079905
GM0083,Menaldumadeel,53.20936512067725,5.674108382215165,4625,13748,174168.2877246036,580341.8748935784
GM1987,Menterwolde,53.16680503265563,6.87846285682333,5171,12506,254726.23856973165,576599.3727172385
GM0119,Meppel,52.71589274269073,6.193919473821937,13503,32357,209511.00554644817,525693.7508705781
GM0687,Middelburg,51.501734181114486,3.6473492023654916,14352,48013,34203.14696824572,391743.2671544045
GM0559,Middelharnis,51.7417708859878,4.17268441912897,4915,17947,71119.35858375063,417706.1505998183
GM1842,Midden-delfland,51.96473792710172,4.306197588856772,3861,17893,80708.72581116458,442365.0969128588
GM1731,Midden-drenthe,52.867358242177595,6.542779420397494,12728,33539,232813.21872532016,542866.7228203462
GM0815,Mill en sint hubert,51.68586039475967,5.767991430733974,3511,11025,181332.5420448178,410854.9282926338
GM0265,Millingen aan de rijn,51.86229027073287,6.0287705345922085,2599,5909,199192.64012792349,430609.6838086184
GM1709,Moerdijk,51.65858315067461,4.541801731696341,23207,36526,96503.98936860752,408090.8281384834
GM1955,Montferland,51.91689189630913,6.213826493803017,9007,35185,211870.26869444372,436812.9106993774
GM0335,Montfoort,52.04769176750537,4.944058625396823,4593,13487,124600.88965143348,451134.481547769
GM0944,Mook en middelaar,51.74742579630522,5.899605571332002,1925,8044,190385.649675062,417760.0511108696
GM0424,Muiden,52.32577852337781,5.075461095267725,2209,6502,133747.77069147406,482027.6593443085
GM0425,Naarden,52.29865762642683,5.152857377734888,5496,17141,139014.28559308237,478990.2363789383
GM1740,Neder-betuwe,51.9158346154456,5.585513903105704,5430,22551,168643.9809245156,436390.3552159516
GM0643,Nederlek,51.90818031410735,4.676581455236212,5147,14088,106100.84458755776,435759.07527701766
GM0946,Nederweert,51.29429592192691,5.773206191173166,4686,16603,181923.96369233655,367295.0900608453
GM0304,Neerijnen,51.835396837357045,5.28285904713644,3606,11877,147808.24475872793,427427.6895203224
GM0412,Niedorp,52.7599015288798,4.879369950914986,3738,12136,120718.79211593942,530406.8553473853
GM0571,Nieuw-lekkerland,51.885480581056065,4.684126458107138,2831,9536,106595.59490872308,433228.6268855403
GM0356,Nieuwegein,52.03077518691985,5.0946701129986005,22424,60885,134925.0062154918,449200.06436672655
GM0569,Nieuwkoop,52.17081838444282,4.779404479857064,8691,26922,113420.68812490816,464914.8727011815
GM0104,Nijefurd,52.927644930182474,5.449628610439266,3704,10944,159197.66998346968,548954.34155424
GM0267,Nijkerk,52.21088125694142,5.485706333233616,12910,39531,161732.52839276567,469202.8152299055
GM0268,Nijmegen,51.83855495655839,5.836749443935785,73444,162955,185982.27541778807,427869.7491813181
GM1695,Noord-beveland,51.57414903400035,3.772271164785233,1958,7399,43053.935779973166,399598.56251407525
GM1699,Noordenveld,53.09563692857705,6.440332613797512,10112,30795,225544.2357545924,568162.5365092063
GM0171,Noordoostpolder,52.712580382727204,5.767285652218143,17557,46069,180684.87560762887,525088.4355662169
GM0575,Noordwijk,52.26890977542457,4.471039264493726,8906,25395,92464.03392490072,476049.59372878354
GM0576,Noordwijkerhout,52.271488886936915,4.5060198250248416,5598,15550,94855.15568711354,476306.9451815179
GM0820,"Nuenen, gerwen en nederwetten",51.47843085461819,5.549729657507465,6653,22198,166290.7765768795,387721.5927721322
GM0302,Nunspeet,52.33896742513483,5.786515131558262,8674,26731,182213.8072052988,483524.489867636
GM0951,Nuth,50.90547098525862,5.8596547709685245,4779,15659,188233.4671872436,324074.4939287392
GM0579,Oegstgeest,52.18500244159646,4.470692784339072,6787,22579,92322.4204374014,466714.7349864536
GM0823,Oirschot,51.49262914325252,5.289821107720771,5682,17761,148237.1719771946,389293.0620235739
GM0824,Oisterwijk,51.55203818414523,5.19757771912968,9009,25825,141848.2616256602,395915.0035893185
GM1895,Oldambt,53.19500567525001,7.055659547789905,14766,39469,266501.9912300421,579997.0245654407
GM0269,Oldebroek,52.456671756533204,5.937765462291793,8161,22743,192422.1164487624,496688.233227969
GM0173,Oldenzaal,52.307687384770276,6.91098842821736,12082,31985,258917.01850048828,481061.7595692894
GM1773,Olst-wijhe,52.36681633996011,6.153379634529304,5757,17551,207183.05948849625,486824.0837272263
GM0175,Ommen,52.51611163992794,6.4348032764780045,5755,17400,226109.24096075667,503674.39734111074
GM0881,Onderbanken,50.96998414874916,5.9665256462685115,2688,8108,195694.02772956516,331305.45377774606
GM1586,Oost gelre,52.00967877098447,6.575550623253535,13386,30023,236586.06202965075,447480.2092835299
GM0826,Oosterhout,51.637790816038915,4.864058467983772,18026,54141,118785.03188844444,405568.1225892223
GM0580,Oostflakkee,51.690254739826464,4.270874944484556,2709,10361,77812.5937940041,411866.6454875319
GM0085,Ooststellingwerf,52.9823673660891,6.282972843847052,9681,26234,215160.4007610852,555415.675629649
GM0431,Oostzaan,52.451996734437,4.8761804501623,3086,9148,120261.52247160635,496148.2026403674
GM0432,Opmeer,52.71532783175865,4.953389793175834,4102,11387,125685.65786793198,525414.4682600191
GM0086,Opsterland,53.04914479942767,6.112744545810202,9986,30033,203653.27045220905,562718.1117713763
GM0828,Oss,51.7797320635048,5.579731031425062,29747,77399,168286.24601767978,421247.1862652772
GM0584,Oud-beijerland,51.80982783000577,4.413442390797865,8460,23557,87847.87287895275,425027.2927748959
GM1509,Oude ijsselstreek,51.90775497627336,6.409415958843175,12058,39893,225340.22277102584,435967.6423490155
GM0437,Ouder-amstel,52.28937324064443,4.913484258002522,3343,13082,122679.06929589268,478036.9575857395
GM0644,Ouderkerk,51.95592278643374,4.667579066808363,2192,8148,105533.9786111466,441076.6511037815
GM0589,Oudewater,52.02737731457416,4.864137703584898,3143,9838,119102.20803894104,448910.8378589964
GM1734,Overbetuwe,51.92432673471795,5.7781758539430434,14182,45585,181894.13139744743,437388.9196738368
GM0590,Papendrecht,51.83322448882073,4.703390289530744,12224,31847,107867.14660573646,427402.3787737187
GM1894,Peel en maas,51.33628834685751,5.994766830097693,13204,43034,197338.74320934407,372071.88095730206
GM0765,Pekela,53.07062875797156,6.972983153056677,5309,13056,261281.97301324003,566033.0736652409
GM1926,Pijnacker-nootdorp,52.017534268290376,4.421905679884733,15444,48003,88738.38252197953,448126.747066278
GM0439,Purmerend,52.50214187393119,4.971081399902023,32222,79020,126744.7152481444,501686.3667236094
GM0273,Putten,52.243174357300816,5.584492702378705,7998,23593,168474.6592000472,472809.5767103234
GM0177,Raalte,52.38781593869591,6.279119906131398,12224,36798,215717.9888978888,489258.4967329413
GM0595,Reeuwijk,52.047636051318264,4.759661019840548,3957,13059,111951.59755934052,451221.519500201
GM0703,Reimerswaal,51.437058792463816,4.136957057960408,5903,21475,68070.17381033089,383851.445945834
GM0274,Renkum,51.98966867377583,5.784865128424443,8720,31643,182314.46064369276,444661.0854376191
GM0339,Renswoude,52.069110620321624,5.5341687667750845,1633,4600,165076.85388305123,453435.03779028
GM1667,Reusel-de mierden,51.37820770480639,5.14776823618646,3619,12552,138330.15256679413,376586.37524953793
GM0275,Rheden,52.03352845491967,6.051224652205315,13245,43714,200565.14421166055,449674.43608601054
GM0340,Rhenen,51.98074127941472,5.560462511470502,5784,18847,166903.19031892114,443607.23834833567
GM0597,Ridderkerk,51.86867025198347,4.596269093725585,15444,44743,100526.72429485543,431420.6067892964
GM0196,Rijnwaarden,51.881308397566265,6.085282310303443,3520,11080,203064.8940700085,432761.36481161386
GM1672,Rijnwoude,52.10565479687633,4.586041486516663,5912,18546,100113.09557126566,457793.49948662886
GM1742,Rijssen-holten,52.29136416242518,6.4339367226580455,13389,37087,226411.8545977483,478668.7088053423
GM0603,Rijswijk,52.03618254339106,4.325959824414354,12858,46684,82182.92781797049,450293.243566433
GM1669,Roerdalen,51.14569258868253,6.0410358687385814,5992,21301,200752.9237110146,350896.55627293774
GM0957,Roermond,51.201148246056945,6.01149166441904,19907,55133,198632.8249100996,357047.74409629544
GM1674,Roosendaal,51.51316329598381,4.42452646753493,25821,77553,88175.84158103447,392014.26337092055
GM0599,Rotterdam,51.92528798050286,4.329083642122445,271818,593146,82217.56655943442,437953.19478772936
GM0600,Rozenburg,51.915462302208255,4.231828911093717,4506,12458,75510.92340207189,436961.9933771501
GM0277,Rozendaal,52.042514809626425,5.96784247878804,430,1495,194835.5556087834,450625.1700466533
GM0840,Rucphen,51.52270949169837,4.5584577364101575,7280,22488,97484.47078178712,392961.9922607606
GM0441,Schagen,52.78698524954734,4.795637565051452,7425,18739,115091.2292963413,533463.5191867263
GM0458,Schermer,52.60114989354121,4.82423345731485,1507,5360,116859.368283121,512770.088458955
GM0279,Scherpenzeel,52.08928654803825,5.500225542358506,2663,9320,162746.00141061284,455675.6160464704
GM0606,Schiedam,51.92687309124107,4.385296967688478,27790,75514,86086.44120121007,438074.7380239909
GM0088,Schiermonnikoog,53.48951733824053,6.216683628521043,466,941,210058.390825404,611800.8976369794
GM0844,Schijndel,51.622121609141885,5.436530244028413,7954,22989,158416.0153665288,403696.02416960057
GM0962,Schinnen,50.95049958180013,5.887708744479767,4169,13499,190172.5380594069,329096.95622184826
GM0608,Schoonhoven,51.95114798198484,4.849796042472389,4054,11982,118055.22869829972,440437.1028865993
GM1676,Schouwen-duiveland,51.687364194151215,3.9006136126223843,10345,34101,52206.80047735389,412002.8460669496
GM0965,Simpelveld,50.8288712387632,5.9866752053013945,3341,10987,197238.02557400687,315618.4420528341
GM1702,Sint anthonis,51.617347145042665,5.8420625902758205,3244,11843,186502.34239092597,403262.1459134183
GM0845,Sint-michielsgestel,51.65728244407037,5.378050177609682,6834,28134,154366.7488132852,407606.6396982162
GM0846,Sint-oedenrode,51.56366038848575,5.468853349254964,5279,17686,160661.69863133453,397194.09683596686
GM1883,Sittard-geleen,51.00487327397998,5.828248101844091,35878,95105,185957.5792168924,335119.03509299905
GM0051,Skarsterlân,52.954218916923296,5.793581829596394,9629,27291,182310.53721723048,551986.6403610073
GM0610,Sliedrecht,51.83065335720205,4.772951448906952,7826,24048,112659.26297108828,427073.5487381479
GM0040,Slochteren,53.23579096183736,6.784500126840022,5491,15559,248294.2288907808,584149.7849514916
GM1714,Sluis,51.32858157511206,3.515328726736967,6416,24085,24543.93058828807,372711.3796501495
GM0090,Smallingerland,53.11339847885014,6.038986850807816,22340,55264,198642.6564885482,569821.1384271147
GM0091,Sneek,53.03385281145828,5.678741289979255,14953,33440,174556.85981019298,560811.0809909783
GM0342,Soest,52.156157960522926,5.296287913610881,14595,45679,148778.40379378683,463113.548700817
GM0847,Someren,51.37871350173856,5.691411667117132,6104,18230,176179.62969019954,376659.5374183309
GM0848,Son en breugel,51.51632968944528,5.482429925360928,4950,15544,161609.9837237737,391929.6161418316
GM0612,Spijkenisse,51.83858071968068,4.342508334986919,32176,72315,83002.31525058663,428293.8410822233
GM0037,Stadskanaal,53.002172515483345,7.010232163808422,13609,33405,263949.6335884081,558471.9413075901
GM0180,Staphorst,52.633525682701524,6.207062417733216,5744,16102,210503.02029131385,516538.9748601515
GM0532,Stede broec,52.70093770220661,5.225293453562297,9376,21269,144055.447931325,523737.55885690165
GM0851,Steenbergen,51.597332434835074,4.324931486600832,7518,23199,81399.28748440197,401473.6019011871
GM1708,Steenwijkerland,52.75549905545025,6.029997145211001,26676,43198,198395.52295985175,529989.6968282615
GM0971,Stein,50.96901349981686,5.763805350714721,7499,25671,181454.8707907413,331104.3850795544
GM0617,Strijen,51.74399929986836,4.55022323661893,2680,8922,97195.9473826229,417586.5057509897
GM0009,Ten boer,53.27882348338691,6.691398332592558,2586,7438,241991.77986010216,588821.7830793742
GM0715,Terneuzen,51.28789928718316,3.845962833372417,16685,54883,47488.569529794855,367647.20756111015
GM0093,Terschelling,53.39967065524171,5.331596075958487,3253,4732,151300.82058745172,601484.7956762082
GM0448,Texel,53.079062970399065,4.8058867861513885,2905,13781,116044.37024082556,565959.6355943695
GM1525,Teylingen,52.213892419576574,4.511644582305286,6895,35799,95161.69424807715,469894.3178561418
GM0716,Tholen,51.572813708805356,4.132563235092757,7546,25402,68024.67144665719,398958.09917105816
GM0281,Tiel,51.88445117284586,5.405758302865171,17175,41187,156277.54626342727,432880.2759157557
GM0855,Tilburg,51.579621289339165,5.068445416020707,91608,204875,132905.47442205803,399014.8905357808
GM0183,Tubbergen,52.41057360456201,6.776746983250663,7437,21147,249543.45072364644,492323.8567481556
GM1700,Twenterand,52.447836248129455,6.598107553712533,12107,33582,237320.4731430413,496251.2918134911
GM1730,Tynaarlo,53.09708474658769,6.604354878145441,10280,32400,236527.95402740323,568496.663726373
GM0737,Tytsjerksteradiel,53.19987012969067,5.962670991906565,9519,32222,193455.8225037432,579400.6437674696
GM0282,Ubbergen,51.847838413571345,5.948438146965356,910,9334,193671.663657812,428956.0813332348
GM0856,Uden,51.655488691509284,5.651797623626018,15618,40530,173309.77339132165,407440.3553914361
GM0450,Uitgeest,52.52341129745947,4.728751650559239,10389,12661,110312.0143048147,504175.0074858101
GM0451,Uithoorn,52.236879314402906,4.790780065854948,9738,28044,114259.29797032784,472258.2673669743
GM0184,Urk,52.66628586435139,5.6231429215854964,8773,18307,170960.9199702078,519895.6010559849
GM0344,Utrecht,52.091146066762015,5.074777598031935,157808,307068,133588.78243460882,455922.48678191006
GM1581,Utrechtse heuvelrug,52.03466681170438,5.388345866918708,14177,48795,155078.41785198674,449592.6499105872
GM0981,Vaals,50.774314819015174,5.975975592470577,2462,9868,196532.97556708183,309543.0518153508
GM0994,Valkenburg aan de geul,50.86075434990842,5.8238744848260575,4786,17083,185746.3261591301,319084.1969608255
GM0858,Valkenswaard,51.323725184718725,5.449228587663904,10521,30712,159323.69995871742,370499.6899837981
GM0047,Veendam,53.088963254070414,6.880100609093936,11514,28020,255015.19273366555,567940.2019055687
GM0345,Veenendaal,52.02359325934546,5.555530118279985,22742,62055,166553.26802172445,448374.0426603164
GM0717,Veere,51.537764566432514,3.5566484756841565,5123,21912,28007.43256687067,395905.09206086
GM0860,Veghel,51.59988153784709,5.574153740801362,13347,37301,167952.80204316558,401237.2493275386
GM0861,Veldhoven,51.41187995177495,5.383167206638049,14596,43248,154719.37836127038,380305.1234985606
GM0453,Velsen,52.44918760832791,4.630514068689205,24927,67238,103558.6671298397,495981.803207991
GM0983,Venlo,51.3909132670938,6.159131100448934,37035,100300,208728.01374054703,378257.0107946088
GM0984,Venray,51.51537539054579,5.962894071999533,13254,42710,194960.3489022173,391977.0519526186
GM0620,Vianen,51.969320178952714,5.111390259667351,6429,19632,136046.46906458997,442358.2730093932
GM0622,Vlaardingen,51.91743883773308,4.328038133167939,26345,70524,82132.92913637085,437081.0395089131
GM0048,Vlagtwedde,52.95941794863591,7.119546530899887,5998,16263,271400.9143404004,553885.7889921365
GM0096,Vlieland,53.260356467046094,4.97405803048069,588,1159,127429.44499902635,586057.5389424469
GM0718,Vlissingen,51.46022156305104,3.6190849515311334,15622,44636,32129.017807813936,387173.09704699134
GM0623,Vlist,51.98195592775579,4.779147144210019,2953,9751,113227.12712711876,443902.8965611466
GM0986,Voerendaal,50.8693824860009,5.916382161876889,3770,12686,192252.77795369877,320087.0467210652
GM0626,Voorschoten,52.124821441423414,4.43867675182826,7079,23475,90045.50033279008,460047.5163620889
GM0285,Voorst,52.225583400824995,6.099066367765143,6717,23764,203638.30940979448,471072.8424317617
GM0865,Vught,51.65536814843513,5.268613035665276,8578,25393,146793.7530033355,407400.2954055771
GM0866,Waalre,51.38730383855976,5.464771641673214,4673,16538,160399.59915233508,377573.8870843596
GM0867,Waalwijk,51.692304539136366,5.011926635764785,17343,45750,129052.49024437004,411569.7559714804
GM0627,Waddinxveen,52.04236039575983,4.640737116718126,8542,25403,103787.75558408232,450711.7519403283
GM0289,Wageningen,51.973486030287205,5.663537326248895,12387,37314,173987.6334867309,442821.9736683964
GM0629,Wassenaar,52.13761628236709,4.373383256550737,7511,25706,85594.32468126249,461531.4166862583
GM0852,Waterland,52.4522740232438,5.014702422994461,4669,17059,129678.07972020168,496121.62758238055
GM0988,Weert,51.23346935829679,5.691713516159788,15179,48450,176268.10737505925,360501.2645604133
GM0457,Weesp,52.30086666049103,5.060257219860249,6132,17634,132698.79564789063,479260.46136470576
GM0870,Werkendam,51.76704406821035,4.873115893909651,8258,26370,119513.5743921328,419943.287218622
GM0459,Wervershoof,52.7174581971486,5.137997875550633,2877,8779,138160.99429905773,525592.6093218222
GM0668,West maas en waal,51.85161490633223,5.496664612868283,5358,18402,162541.85575742202,429232.5856500307
GM1701,Westerveld,52.83817508164397,6.295563484915284,6357,19339,216207.91736943484,539381.5094443125
GM0293,Westervoort,51.95746430554226,5.970954298848208,5717,15237,195125.11630831167,441164.57833008457
GM1783,Westland,51.997260392348956,4.217326225116093,34530,99723,74659.72665910199,446077.7381002733
GM0098,Weststellingwerf,52.87573011354887,6.017664873197966,8140,25849,197446.1676586227,543360.8950037181
GM0614,Westvoorne,51.89503023742861,4.091562992009377,3549,14052,65820.857482154,434851.7698523784
GM0189,Wierden,52.34437429704542,6.5606546344096985,8394,23446,234960.99420616432,484698.686028192
GM0462,Wieringen,52.913558865729996,4.983462120620067,3222,8639,127840.9726121294,547460.9142824898
GM0463,Wieringermeer,52.83027363128312,5.006652324272286,3257,12578,129352.09354786472,538184.6998098013
GM0296,Wijchen,51.81672048736325,5.701934740972179,13940,40146,176701.5676784142,425391.7178240681
GM1696,Wijdemeren,52.22615924750569,5.084873151006308,6930,23391,134343.2109780777,470941.0927906081
GM0352,Wijk bij duurstede,51.989326333116786,5.325120834850574,8147,23151,150735.68559239467,444549.9791733461
GM0053,Winsum,53.32959379082543,6.507686898474606,4511,14032,229650.7141483184,594265.3361166995
GM0294,Winterswijk,51.96982301597657,6.725886254951085,9866,29043,246988.3271864169,443226.0778513188
GM0873,Woensdrecht,51.408299533970315,4.342187176528274,7149,21640,82293.2985554569,380427.5894900719
GM0632,Woerden,52.106956569409455,4.898887239480607,17208,49338,121546.56416593512,457747.9854367394
GM0880,Wormerland,52.50198897930943,4.855156273974302,5169,15863,118873.2217469241,501720.8912082639
GM0351,Woudenberg,52.081157472278534,5.426529494517956,3649,11907,157695.72266521445,454765.8709281756
GM0874,Woudrichem,51.78258941565374,4.99478168875935,4541,14423,127921.20162972336,421620.4494467718
GM0683,Wymbritseradiel,52.99687208972548,5.610383470444102,5157,16134,169984.00058548205,556679.4022648206
GM0710,Wûnseradiel,53.07417703975369,5.462321028514773,5016,11825,160034.17349490928,565261.5918661141
GM0479,Zaanstad,52.46300959548233,4.773055485171985,49470,145235,113261.77654984576,497427.988676802
GM0297,Zaltbommel,51.79224152289839,5.15858989536797,7936,26424,139228.0515306211,422646.057955039
GM0473,Zandvoort,52.3579393452401,4.54347779071987,5625,16638,97523.70466737964,485894.8688779977
GM0707,Zederik,51.932297860743645,5.013337313198255,3860,13392,129287.23040573328,438269.43902051897
GM0478,Zeevang,52.55704210676338,5.008477011115256,1923,6302,129315.85906005328,507781.0458196519
GM0050,Zeewolde,52.345925360510144,5.450907182677265,8941,20904,159340.81389822433,484225.5350804555
GM0355,Zeist,52.10195064477996,5.2551882619199,18738,60265,145954.88912309468,457086.7713576666
GM0299,Zevenaar,51.959595703600286,6.08531006067272,10889,31906,202983.11316134428,441471.0654761964
GM0476,Zijpe,52.81103725076398,4.728779160980194,3073,11586,110605.25496109387,536178.8617763548
GM0637,Zoetermeer,52.06085331242063,4.48994503830074,51630,121510,93468.23126545052,452886.2104384814
GM0638,Zoeterwoude,52.11474899218483,4.5139002340772,2837,8122,95183.09272587096,458862.26576181216
GM0056,Zuidhorn,53.27326506788477,6.374548762784616,5570,18560,220866.9370389114,587866.8624901987
GM1892,Zuidplas,51.99935046583354,4.6080563843610465,12966,40362,101494.38194198818,445950.2958154111
GM0879,Zundert,51.479816867646896,4.642312220505555,6513,21023,103255.1355853464,388127.4661399811
GM0301,Zutphen,52.13639230695579,6.23388598305017,17792,46855,212965.4920495737,461248.8429884616
GM1896,Zwartewaterland,52.6022949573705,6.064403295918982,7748,21931,200877.98908425088,512964.027338321
GM0642,Zwijndrecht,51.821981904927334,4.605838440523801,16963,44404,101129.95813379835,426219.3633950033
GM0193,Zwolle,52.51870826150437,6.118429133522522,48706,119003,204631.99363857968,503699.3590474842
